 wait,sum,asum,max,swap,total
0.00000,124.029,0.00000,0.542620,171.080,295.651
0.00000,127.426,0.00000,0.783576,174.491,302.700
0.00000,121.513,0.00000,0.711690,247.097,369.322
0.00000,150.246,0.00000,0.679085,251.134,402.059
