 wait,sum,asum,max,swap,total
0.00000,30.5318,0.00000,0.111988,38.0096,68.6534
0.00000,28.6040,0.00000,0.829369E-1,37.6293,66.3162
0.00000,31.2883,0.00000,0.107095,52.0258,83.4212
0.00000,31.3944,0.00000,0.968506E-1,50.9334,82.4247
