 wait,sum,asum,max,swap,total
0.00000,27.1252,0.00000,0.727673E-1,34.5943,61.7922
0.00000,28.5175,0.00000,0.639315E-1,35.5081,64.0896
0.00000,29.0566,0.00000,0.730793E-1,48.9498,78.0795
0.00000,29.0240,0.00000,0.526769E-1,48.1696,77.2464
